<?xml version="1.0" encoding="UTF-8"?>

<!DOCTYPE hibernate-configuration PUBLIC

        "-//Hibernate/Hibernate Configuration DTD 3.0//EN"

        "http://www.hibernate.org/dtd/hibernate-configuration-3.0.dtd">

<hibernate-configuration>

    <session-factory>

        <property name="hibernate.connection.driver_class">org.postgresql.Driver</property>

        <property name="connection.url">jdbc:postgresql://localhost:5432/dev_course</property>

        <property name="connection.username">dev_user</property>

        <property name="connection.password">dev_password</property>

        <!-- The SQL types not same for the all data bases, so that specific database
            will have specific dialect -->

        <property name="hibernate.dialect">org.hibernate.dialect.PostgreSQL9Dialect</property>

        <!-- create, create-drop, update, validate,none
        create:when you run the application all schema will be create from the scrath and all data will be
            lost
            create-drop: when you run the application all schema will be create,
            when you stop the application it will drop everything
            update:when you change
            the entity, schema will be updated
            validate: it will validate schema none:
            it doesnt make anything -->

        <property name="hbm2ddl.auto">update</property>

        <property name="show_sql">true</property>

        <property name="format_sql">true</property>


        <property name="hibernate.cache.use_second_level_cache">true</property>
        <property name="hibernate.cache.use_query_cache">true</property>

        <property name="hibernate.cache.region.factory_class">org.hibernate.cache.jcache.internal.JCacheRegionFactory</property>
        <property name="hibernate.javax.cache.provider">org.ehcache.jsr107.EhcacheCachingProvider</property>

        <!-- This will map entity classes without addAnnotatedClass()
        <mapping class="com.hb05.manytoone.Student05"/>
        <mapping class="com.hb05.manytoone.University"/>

-->


    </session-factory>

</hibernate-configuration>